{"stats":{"minecraft:broken":{"minecraft:iron_axe":1,"minecraft:stone_axe":1,"minecraft:iron_pickaxe":1},"minecraft:mined":{"minecraft:dark_oak_planks":2,"minecraft:white_bed":4,"minecraft:dark_oak_leaves":16,"minecraft:dark_oak_log":10,"minecraft:nether_bricks":13,"minecraft:granite":1,"minecraft:furnace":6,"minecraft:nether_sprouts":1,"minecraft:iron_ore":17,"minecraft:fire":41,"minecraft:twisting_vines":1,"minecraft:deepslate_iron_ore":1,"minecraft:warped_stem":5,"minecraft:stone":20,"minecraft:blackstone":5,"minecraft:twisting_vines_plant":13,"minecraft:basalt":65,"minecraft:crafting_table":3,"minecraft:short_grass":2,"minecraft:warped_roots":3,"minecraft:deepslate_gold_ore":6,"minecraft:sugar_cane":2,"minecraft:warped_wart_block":2,"minecraft:birch_planks":4,"minecraft:warped_nylium":31,"minecraft:dark_oak_door":2,"minecraft:birch_log":18,"minecraft:birch_leaves":5,"minecraft:oak_log":4,"minecraft:coal_ore":65,"minecraft:dirt":9,"minecraft:netherrack":99,"minecraft:oak_leaves":4,"minecraft:deepslate":32},"minecraft:killed_by":{"minecraft:blaze":1},"minecraft:used":{"minecraft:chest":1,"minecraft:shield":19,"minecraft:netherrack":95,"minecraft:dirt":6,"minecraft:warped_wart_block":2,"minecraft:nether_bricks":11,"minecraft:granite":1,"minecraft:dark_oak_planks":4,"minecraft:lava_bucket":8,"minecraft:iron_axe":164,"minecraft:warped_nylium":3,"minecraft:light_gray_wool":1,"minecraft:basalt":64,"minecraft:furnace":8,"minecraft:egg":3,"minecraft:cooked_mutton":2,"minecraft:water_bucket":11,"minecraft:birch_planks":10,"minecraft:stone_pickaxe":110,"minecraft:blackstone":5,"minecraft:birch_boat":33,"minecraft:wooden_pickaxe":3,"minecraft:warped_roots":2,"minecraft:crafting_table":7,"minecraft:white_bed":4,"minecraft:warped_planks":16,"minecraft:dark_oak_door":4,"minecraft:ender_eye":3,"minecraft:iron_pickaxe":254,"minecraft:stone_axe":105,"minecraft:cooked_porkchop":13,"minecraft:bucket":20},"minecraft:custom":{"minecraft:mob_kills":75,"minecraft:interact_with_crafting_table":27,"minecraft:leave_game":4,"minecraft:time_since_death":51407,"minecraft:climb_one_cm":1306,"minecraft:sprint_one_cm":285007,"minecraft:walk_one_cm":166706,"minecraft:damage_blocked_by_shield":490,"minecraft:drop":24,"minecraft:talked_to_villager":3,"minecraft:play_time":129295,"minecraft:deaths":6,"minecraft:sneak_time":22226,"minecraft:walk_under_water_one_cm":7714,"minecraft:boat_one_cm":75068,"minecraft:jump":1456,"minecraft:walk_on_water_one_cm":10888,"minecraft:total_world_time":129295,"minecraft:interact_with_furnace":25,"minecraft:sleep_in_bed":7,"minecraft:time_since_rest":4478,"minecraft:damage_taken":2752,"minecraft:damage_dealt":16898,"minecraft:swim_one_cm":32060,"minecraft:fly_one_cm":170226,"minecraft:open_chest":38,"minecraft:crouch_one_cm":69200,"minecraft:fall_one_cm":35009},"minecraft:crafted":{"minecraft:blaze_powder":16,"minecraft:birch_boat":2,"minecraft:furnace":5,"minecraft:cooked_mutton":8,"minecraft:warped_planks":20,"minecraft:dark_oak_door":3,"minecraft:iron_axe":2,"minecraft:stone_pickaxe":1,"minecraft:chest":1,"minecraft:dark_oak_planks":40,"minecraft:ender_eye":16,"minecraft:golden_boots":1,"minecraft:cooked_porkchop":6,"minecraft:crafting_table":4,"minecraft:wooden_pickaxe":1,"minecraft:bucket":1,"minecraft:birch_planks":72,"minecraft:stone_axe":2,"minecraft:air":0,"minecraft:shield":1,"minecraft:stick":20,"minecraft:iron_ingot":4,"minecraft:iron_pickaxe":2,"minecraft:stone_sword":1,"minecraft:white_bed":1},"minecraft:dropped":{"minecraft:water_bucket":1,"minecraft:golden_boots":2,"minecraft:cooked_porkchop":3,"minecraft:warped_roots":10,"minecraft:lava_bucket":1,"minecraft:iron_axe":1,"minecraft:iron_pickaxe":1,"minecraft:dark_oak_planks":2,"minecraft:stone_axe":2,"minecraft:warped_nylium":1,"minecraft:shield":3,"minecraft:birch_boat":2,"minecraft:stone_pickaxe":1},"minecraft:picked_up":{"minecraft:crafting_table":4,"minecraft:chicken":12,"minecraft:lead":2,"minecraft:wooden_pickaxe":1,"minecraft:shield":5,"minecraft:iron_axe":3,"minecraft:blackstone":5,"minecraft:cobbled_deepslate":32,"minecraft:beef":14,"minecraft:ender_eye":3,"minecraft:poppy":1,"minecraft:iron_pickaxe":3,"minecraft:light_gray_wool":1,"minecraft:sugar_cane":8,"minecraft:egg":3,"minecraft:furnace":6,"minecraft:dark_oak_door":2,"minecraft:stick":3,"minecraft:raw_iron":22,"minecraft:porkchop":28,"minecraft:dark_oak_planks":16,"minecraft:stone_sword":1,"minecraft:nether_bricks":35,"minecraft:gold_ingot":6,"minecraft:blaze_rod":22,"minecraft:mutton":16,"minecraft:white_wool":7,"minecraft:cobblestone":33,"minecraft:birch_log":18,"minecraft:feather":12,"minecraft:basalt":70,"minecraft:magma_cream":1,"minecraft:water_bucket":1,"minecraft:leather":2,"minecraft:birch_planks":4,"minecraft:oak_log":4,"minecraft:golden_boots":4,"minecraft:dirt":11,"minecraft:twisting_vines":22,"minecraft:bone":4,"minecraft:raw_gold":6,"minecraft:warped_stem":5,"minecraft:iron_ingot":18,"minecraft:stone_pickaxe":3,"minecraft:cooked_porkchop":17,"minecraft:birch_boat":39,"minecraft:warped_wart_block":2,"minecraft:lava_bucket":3,"minecraft:white_bed":4,"minecraft:dark_oak_log":12,"minecraft:stone_axe":3,"minecraft:granite":2,"minecraft:warped_roots":19,"minecraft:coal":219,"minecraft:warped_nylium":6,"minecraft:netherrack":121,"minecraft:ender_pearl":20},"minecraft:killed":{"minecraft:chicken":6,"minecraft:drowned":1,"minecraft:magma_cube":2,"minecraft:pig":5,"minecraft:iron_golem":1,"minecraft:wandering_trader":1,"minecraft:sheep":6,"minecraft:zombie":2,"minecraft:wither_skeleton":2,"minecraft:blaze":21,"minecraft:enderman":24,"minecraft:cow":4}},"DataVersion":3953}